{
  "database" : {
    "name" : "MyDatabase",
    "databaseType" : "ORACLE_DATABASE",
    "connectionPools" : [ {
      "name" : "New Connection Pool_1",
      "connection" : "'system'.'DBKrankenhaus'",
      "remoteConnection" : false,
      "maxConnections" : 10,
      "requiresFullyQualifedTableNames" : false,
      "connectionTimeout" : 5,
      "connectionTimeoutUnit" : "MINUTES",
      "multithreaded" : true,
      "supportParams" : true,
      "isolationLevel" : "default",
      "writeBackConfig" : {
        "dbSupportsUnicode" : false,
        "bulkInsertBufferSize" : 10240,
        "transactionBoundary" : 1000,
        "tempTablePrefix" : "TT"
      }
    } ],
    "virtualPrivateDatabase" : false,
    "crmMetadataTables" : false,
    "allowDirectDatabaseRequests" : false,
    "allowPopulateQueries" : false
  }
}